timestamp,rigid_name,rigid_id,pos0,pos1,pos2,rot0,rot1,rot2,rot3
2019-04-04/20:50:11.983654,cal_big,2,0.2080286592245102,0.03668757900595665,0.3222292959690094,-8.367933332920074e-07,-4.5301654608920217e-05,1.1520140105858445e-05,-1.0
2019-04-04/20:50:11.983654,cal_small,3,0.20808365941047668,0.03708178922533989,0.2221153974533081,3.1661911634728312e-06,-3.389075573068112e-05,1.341389724984765e-05,-1.0
2019-04-04/20:50:19.894871,cal_big,2,0.20802752673625946,0.03668311983346939,0.32222872972488403,2.3277360014617443e-05,-3.2387644750997424e-05,3.112363629043102e-07,-1.0
2019-04-04/20:50:19.894871,cal_small,3,0.20808444917201996,0.03707841783761978,0.22211451828479767,-1.1767551768571138e-05,-2.9358390747802332e-05,4.521454684436321e-06,-1.0
2019-04-04/20:50:19.902358,cal_big,2,0.20803165435791016,0.03669067844748497,0.32223016023635864,5.925795994699001e-05,-4.959580837748945e-05,-4.13440284319222e-06,-1.0
2019-04-04/20:50:19.902358,cal_small,3,0.20808488130569458,0.03708677366375923,0.2221166342496872,-7.95738014858216e-06,-2.6727881049737334e-05,1.8724036635831e-05,-1.0
2019-04-04/20:50:19.910344,cal_big,2,0.2080295979976654,0.036690425127744675,0.32222679257392883,-9.531853720545769e-05,-3.414545062696561e-05,-4.624814027920365e-05,-1.0
2019-04-04/20:50:19.910344,cal_small,3,0.2080879807472229,0.03708893805742264,0.22211484611034393,2.0752049749717116e-05,-4.9293470510747284e-05,2.3844302631914616e-05,-1.0
2019-04-04/20:50:19.920323,cal_big,2,0.20802809298038483,0.036686111241579056,0.32222676277160645,-1.4593708328902721e-05,-2.9656104743480682e-05,-3.436507540754974e-05,-1.0
2019-04-04/20:50:19.920323,cal_small,3,0.20808230340480804,0.03708197921514511,0.2221110612154007,-8.410817827098072e-06,-3.4692042390815914e-05,3.7563469959422946e-05,-1.0
2019-04-04/20:50:19.928309,cal_big,2,0.20802922546863556,0.036685846745967865,0.3222278356552124,4.661758430302143e-05,-4.38621427747421e-05,4.384259227663279e-06,-1.0
2019-04-04/20:50:19.928309,cal_small,3,0.20808705687522888,0.037084631621837616,0.2221127450466156,2.298085018992424e-05,-4.823564813705161e-05,3.544933861121535e-05,-1.0
2019-04-04/20:50:19.935793,cal_big,2,0.2080286145210266,0.03669058158993721,0.3222273290157318,1.3219188986113295e-05,-3.4144708479288965e-05,4.431671550264582e-05,-1.0
2019-04-04/20:50:19.935793,cal_small,3,0.20808371901512146,0.037086121737957,0.22211655974388123,3.3447882742621005e-05,-3.721515531651676e-05,4.391479887999594e-05,-1.0
2019-04-04/20:50:19.943278,cal_big,2,0.20802675187587738,0.03669281303882599,0.32222893834114075,1.1295311196590774e-05,-3.5564793506637216e-05,-2.1813200874021277e-05,-1.0
2019-04-04/20:50:19.943278,cal_small,3,0.20808173716068268,0.03709050640463829,0.22211623191833496,3.055158595088869e-05,-3.98424053855706e-05,3.901682794094086e-05,-1.0
2019-04-04/20:50:19.961767,cal_big,2,0.20803207159042358,0.03669434040784836,0.3222256600856781,2.4866429157555103e-05,-3.344061042298563e-05,2.4679000489413738e-05,-1.0
2019-04-04/20:50:19.961767,cal_small,3,0.20808088779449463,0.037085071206092834,0.22211161255836487,-8.879142114892602e-06,-3.5586548619903624e-05,2.1395680960267782e-05,-1.0
2019-04-04/20:50:19.969607,cal_big,2,0.20802389085292816,0.036687061190605164,0.3222256898880005,5.34554710611701e-05,-3.7670433812309057e-05,3.562541678547859e-06,-1.0
2019-04-04/20:50:19.969607,cal_small,3,0.20808248221874237,0.03708324208855629,0.22211256623268127,-2.5672830815892667e-05,-3.0233408324420452e-05,5.2410337957553566e-05,-1.0
2019-04-04/20:50:19.977593,cal_big,2,0.20802989602088928,0.036698490381240845,0.32222944498062134,2.2009015083312988e-05,-6.183008372318e-05,8.231814717873931e-06,-1.0
2019-04-04/20:50:19.977593,cal_small,3,0.20808272063732147,0.03709029778838158,0.2221159040927887,-1.920090289786458e-05,-3.914871922461316e-05,2.857664367184043e-05,-1.0
2019-04-04/20:50:19.985577,cal_big,2,0.2080312818288803,0.03670212998986244,0.3222288489341736,1.6419566236436367e-05,-4.582914334605448e-05,1.7106998711824417e-05,-1.0
2019-04-04/20:50:19.985577,cal_small,3,0.2080814391374588,0.037090759724378586,0.22211462259292603,1.7874732293421403e-05,-3.6495690437732264e-05,4.971596354153007e-05,-1.0
2019-04-04/20:50:19.994839,cal_big,2,0.20802533626556396,0.03668908774852753,0.3222251832485199,-5.355302710086107e-05,-3.327782906126231e-05,1.649867044761777e-06,-1.0
2019-04-04/20:50:19.994839,cal_small,3,0.20808257162570953,0.03708788752555847,0.22211229801177979,-2.017417864408344e-05,-3.394057785044424e-05,3.618182381615043e-05,-1.0
2019-04-04/20:50:20.002834,cal_big,2,0.20802538096904755,0.036688823252916336,0.32222527265548706,-4.933563468512148e-05,-3.3096403058152646e-05,-2.5502136850263923e-05,-1.0
2019-04-04/20:50:20.002834,cal_small,3,0.2080807089805603,0.03708568587899208,0.2221132218837738,1.5584038919769228e-05,-4.7629044274799526e-05,1.4886027202010155e-06,-1.0
2019-04-04/20:50:20.012828,cal_big,2,0.20802520215511322,0.03669709712266922,0.32222580909729004,-7.184105925261974e-06,-2.3736152797937393e-05,5.581064033322036e-05,-1.0
2019-04-04/20:50:20.012828,cal_small,3,0.20808060467243195,0.037089407444000244,0.22211389243602753,-1.9269868062110618e-05,-3.1774303351994604e-05,4.403640195960179e-05,-1.0
2019-04-04/20:50:20.018828,cal_big,2,0.20802780985832214,0.03669870272278786,0.3222278356552124,1.4430377632379532e-05,-3.286467108409852e-05,1.093361061066389e-05,-1.0
2019-04-04/20:50:20.018828,cal_small,3,0.2080836296081543,0.03709259629249573,0.22211426496505737,-2.2107702534412965e-05,-4.842213093070313e-05,1.8884045857703313e-05,-1.0
2019-04-04/20:50:20.029819,cal_big,2,0.20802922546863556,0.03669450432062149,0.3222297728061676,-8.049303141888231e-05,-7.3208148023695685e-06,1.4373796147992834e-05,-1.0
2019-04-04/20:50:20.029819,cal_small,3,0.20808261632919312,0.03709104284644127,0.2221146821975708,4.1636005335021764e-05,-3.544765786500648e-05,1.7778595065465197e-05,-1.0
2019-04-04/20:50:20.036815,cal_big,2,0.20802606642246246,0.0366879478096962,0.3222275674343109,-1.0577728971838951e-05,-9.082630640477873e-06,1.820008037611842e-05,-1.0
2019-04-04/20:50:20.036815,cal_small,3,0.20808029174804688,0.03708145022392273,0.2221127152442932,-1.5571858966723084e-05,-2.709607724682428e-05,5.041123949922621e-05,-1.0
2019-04-04/20:50:20.043809,cal_big,2,0.20802530646324158,0.036687251180410385,0.3222295641899109,-5.5358861573040485e-05,-1.2454875104594976e-05,2.114888047799468e-05,-1.0
2019-04-04/20:50:20.043809,cal_small,3,0.20807722210884094,0.03708381950855255,0.2221132516860962,5.133285594638437e-05,-3.516173455864191e-05,4.078997881151736e-05,-1.0
2019-04-04/20:50:20.052803,cal_big,2,0.20802724361419678,0.03668927401304245,0.3222293555736542,-6.509374361485243e-05,-1.47439004649641e-05,2.0078732632100582e-07,-1.0
2019-04-04/20:50:20.052803,cal_small,3,0.20808205008506775,0.03708699718117714,0.22211489081382751,-8.031347533687949e-07,-5.741946733905934e-05,2.0899169612675905e-06,-1.0
2019-04-04/20:50:20.060801,cal_big,2,0.20802898705005646,0.03669095039367676,0.3222315311431885,-4.96560096507892e-05,-2.6338009774917737e-05,1.0630201359163038e-05,-1.0
2019-04-04/20:50:20.060801,cal_small,3,0.20808272063732147,0.037087634205818176,0.22211429476737976,4.8176676500588655e-05,-3.658203058876097e-05,6.226754339877516e-05,-1.0
2019-04-04/20:50:20.068793,cal_big,2,0.2080312818288803,0.03669043630361557,0.32223013043403625,1.6863225027918816e-05,-3.5912918974645436e-05,-1.3267475878819823e-05,-1.0
2019-04-04/20:50:20.068793,cal_small,3,0.20808152854442596,0.03708549216389656,0.22211654484272003,7.978378562256694e-06,-3.443441528361291e-05,3.626555553637445e-05,-1.0
2019-04-04/20:50:20.079787,cal_big,2,0.20802652835845947,0.036682114005088806,0.32223179936408997,-1.1695199646055698e-05,-3.8119971577543765e-05,-1.9017286831513047e-05,-1.0
2019-04-04/20:50:20.079787,cal_small,3,0.2080782651901245,0.037076134234666824,0.22211425006389618,1.6304358723573387e-05,-2.773646338027902e-05,6.975082214921713e-05,-1.0
2019-04-04/20:50:20.085784,cal_big,2,0.20802782475948334,0.03668581321835518,0.32222980260849,4.366994835436344e-05,-5.0684509915299714e-05,-3.340700641274452e-05,-1.0
2019-04-04/20:50:20.085784,cal_small,3,0.20807597041130066,0.037078823894262314,0.22211800515651703,-1.6696532838977873e-05,-1.5516739949816838e-05,3.9140781154856086e-05,-1.0
2019-04-04/20:50:20.093778,cal_big,2,0.20802895724773407,0.03668958693742752,0.32223060727119446,3.254029434174299e-05,-4.942238228977658e-05,-1.1731666745617986e-05,-1.0
2019-04-04/20:50:20.093778,cal_small,3,0.20807982981204987,0.037080831825733185,0.2221153825521469,-4.19231946580112e-06,-3.500463208183646e-05,6.378925172612071e-05,-1.0
2019-04-04/20:50:20.101773,cal_big,2,0.2080337554216385,0.03669528663158417,0.3222271203994751,-1.2827804312109947e-05,-2.507258250261657e-05,4.26493352279067e-06,-1.0
2019-04-04/20:50:20.101773,cal_small,3,0.20808173716068268,0.03708053380250931,0.2221158742904663,4.7700319555588067e-05,-5.308422623784281e-05,4.7512410674244165e-05,-1.0
2019-04-04/20:50:20.112358,cal_big,2,0.20803096890449524,0.03669343143701553,0.32222917675971985,1.3570999726653099e-05,-4.0281076508108526e-05,-1.905692624859512e-05,-1.0
2019-04-04/20:50:20.112358,cal_small,3,0.2080840766429901,0.03708352521061897,0.22211726009845734,-1.3726254110224545e-05,-3.711542012752034e-05,7.462513167411089e-06,-1.0
2019-04-04/20:50:20.119843,cal_big,2,0.20803120732307434,0.036695100367069244,0.3222283124923706,-1.2671691365540028e-05,-2.5667000954854302e-05,2.3124535800889134e-05,-1.0
2019-04-04/20:50:20.119843,cal_small,3,0.208079993724823,0.03708178177475929,0.2221139371395111,4.519682261161506e-05,-4.203533899271861e-05,1.4942459529265761e-05,-1.0
2019-04-04/20:50:20.127357,cal_big,2,0.20802664756774902,0.03668756037950516,0.3222278654575348,-4.3201718654017895e-05,-2.8106536774430424e-05,1.0587302313069813e-05,-1.0
2019-04-04/20:50:20.127357,cal_small,3,0.20807844400405884,0.03707900643348694,0.2221153825521469,8.758401963859797e-05,-5.5499462177976966e-05,1.1453696060925722e-05,-1.0
2019-04-04/20:50:20.136813,cal_big,2,0.20803365111351013,0.036691732704639435,0.3222261667251587,8.639133011456579e-05,-3.641084549599327e-05,3.1102179491426796e-05,-1.0
2019-04-04/20:50:20.136813,cal_small,3,0.20808233320713043,0.03707961365580559,0.22211560606956482,2.5913046556524932e-05,-3.870888031087816e-05,1.8306949641555548e-05,-1.0
2019-04-04/20:50:20.143800,cal_big,2,0.2080332338809967,0.03670018911361694,0.3222288191318512,3.377313259989023e-05,-2.9223963792901486e-05,4.327495116740465e-05,-1.0
2019-04-04/20:50:20.143800,cal_small,3,0.20808224380016327,0.03709166496992111,0.22211529314517975,7.067168189678341e-05,-4.614319186657667e-05,2.5293207727372646e-05,-1.0
2019-04-04/20:50:20.152283,cal_big,2,0.2080339640378952,0.0366995744407177,0.3222258687019348,3.405730240046978e-05,-1.6522782971151173e-05,1.1085707228630781e-05,-1.0
2019-04-04/20:50:20.152283,cal_small,3,0.2080896645784378,0.037095099687576294,0.22211502492427826,-7.865382940508425e-06,-2.7826394216390327e-05,2.308073453605175e-05,-1.0
2019-04-04/20:50:20.162265,cal_big,2,0.20802950859069824,0.03669256716966629,0.32222580909729004,2.6330817490816116e-06,-2.6151730708079413e-05,3.342333366163075e-05,-1.0
2019-04-04/20:50:20.162265,cal_small,3,0.20808210968971252,0.037084903568029404,0.22211161255836487,3.814056981354952e-07,-3.3638330933172256e-05,4.633658681996167e-05,-1.0
2019-04-04/20:50:20.169752,cal_big,2,0.20803159475326538,0.03669310361146927,0.3222264051437378,1.5616067685186863e-05,-3.320902760606259e-05,2.7602975023910403e-05,-1.0
2019-04-04/20:50:20.169752,cal_small,3,0.208079531788826,0.03708381578326225,0.22211508452892303,1.6262696590274572e-05,-3.7150948628550395e-05,1.2048316420987248e-05,-1.0
2019-04-04/20:50:20.177237,cal_big,2,0.20803043246269226,0.03669024258852005,0.32222679257392883,4.314701072871685e-05,-2.9237089620437473e-05,-7.510359864681959e-06,-1.0
2019-04-04/20:50:20.177237,cal_small,3,0.20808029174804688,0.03708445653319359,0.22211486101150513,2.963528095278889e-05,-5.254673305898905e-05,2.882585977204144e-05,-1.0
2019-04-04/20:50:20.185220,cal_big,2,0.20803149044513702,0.036699824035167694,0.3222254514694214,6.840818969067186e-05,-5.5327225709334016e-05,2.4577682779636234e-05,-1.0
2019-04-04/20:50:20.185220,cal_small,3,0.20808163285255432,0.03709233179688454,0.2221127301454544,4.602383705787361e-05,-5.37390005774796e-05,3.5260512959212065e-05,-1.0
2019-04-04/20:50:20.198197,cal_big,2,0.2080327272415161,0.03670430928468704,0.32222461700439453,0.00010094893514178693,-4.54227629234083e-05,5.369925929699093e-05,-1.0
2019-04-04/20:50:20.198197,cal_small,3,0.20808684825897217,0.0370965301990509,0.22211302816867828,2.6726920623332262e-05,-4.936894401907921e-05,3.692260361276567e-05,-1.0
2019-04-04/20:50:20.209175,cal_big,2,0.20802757143974304,0.03669228032231331,0.32222339510917664,5.350912397261709e-05,-2.3204131139209494e-05,4.08978303312324e-05,-1.0
2019-04-04/20:50:20.209175,cal_small,3,0.20808075368404388,0.03708888590335846,0.22211311757564545,3.7032114050816745e-05,-3.770852345041931e-05,2.5981156795751303e-05,-1.0
2019-04-04/20:50:20.215165,cal_big,2,0.20802678167819977,0.03669244796037674,0.3222251832485199,4.7334469854831696e-07,-3.358266985742375e-05,-1.5152327250689268e-06,-1.0
2019-04-04/20:50:20.215165,cal_small,3,0.2080797255039215,0.03708374872803688,0.22211384773254395,2.770431456156075e-05,-4.735079710371792e-05,2.622394822537899e-05,-1.0
2019-04-04/20:50:20.219156,cal_big,2,0.2080286592245102,0.03669634833931923,0.3222264349460602,1.8008053302764893e-05,-3.123026544926688e-05,3.249655128456652e-05,-1.0
2019-04-04/20:50:20.219156,cal_small,3,0.20807918906211853,0.03708668425679207,0.22211654484272003,5.298938776832074e-05,-5.147723277332261e-05,5.764039815403521e-05,-1.0
2019-04-04/20:50:20.227640,cal_big,2,0.2080298662185669,0.036700986325740814,0.322224885225296,-3.0068904379731975e-06,-3.533474955474958e-05,4.24140234827064e-05,-1.0
2019-04-04/20:50:20.227640,cal_small,3,0.20808257162570953,0.03709157183766365,0.2221156358718872,1.0358024155721068e-05,-4.243104922352359e-05,4.87648940179497e-05,-1.0
2019-04-04/20:50:20.236124,cal_big,2,0.20803168416023254,0.03669830039143562,0.32222285866737366,9.704146577860229e-06,-2.8424656193237752e-05,2.600962034193799e-05,-1.0
2019-04-04/20:50:20.236124,cal_small,3,0.20808205008506775,0.037088409066200256,0.22211405634880066,2.0560575649142265e-05,-3.739854219020344e-05,3.384565934538841e-05,-1.0
2019-04-04/20:50:20.244110,cal_big,2,0.20802931487560272,0.036695223301649094,0.322222501039505,-1.3025011867284775e-05,-5.0244678277522326e-05,4.143919795751572e-06,-1.0
2019-04-04/20:50:20.244110,cal_small,3,0.20807982981204987,0.037086937576532364,0.2221122682094574,5.353809683583677e-05,-4.8670146497897804e-05,4.240614362061024e-05,-1.0
2019-04-04/20:50:20.253591,cal_big,2,0.2080283910036087,0.036695998162031174,0.322224885225296,8.432986214756966e-05,-4.7598921810276806e-05,1.4967517927289009e-05,-1.0
2019-04-04/20:50:20.253591,cal_small,3,0.20808221399784088,0.03709200769662857,0.22211399674415588,8.605059701949358e-05,-5.227971269050613e-05,4.201754927635193e-05,-1.0
2019-04-04/20:50:20.261578,cal_big,2,0.20803037285804749,0.03669504448771477,0.32222485542297363,8.71908850967884e-05,-6.672472227364779e-05,-1.5392142813652754e-06,-1.0
2019-04-04/20:50:20.261578,cal_small,3,0.20808179676532745,0.03708675503730774,0.2221149057149887,4.366629582364112e-05,-5.7022611144930124e-05,2.827626303769648e-05,-1.0
2019-04-04/20:50:20.269061,cal_big,2,0.20803053677082062,0.03670036420226097,0.3222271203994751,5.618446448352188e-05,-4.727817213279195e-05,2.5756155082490295e-05,-1.0
2019-04-04/20:50:20.269061,cal_small,3,0.20808130502700806,0.037091318517923355,0.22211603820323944,6.614239828195423e-05,-4.1376966692041606e-05,3.572093555703759e-05,-1.0
2019-04-04/20:50:20.277546,cal_big,2,0.20803001523017883,0.03669345751404762,0.3222258985042572,-3.291340544819832e-05,-4.111698581255041e-05,-9.461014997214079e-06,-1.0
2019-04-04/20:50:20.277546,cal_small,3,0.20808430016040802,0.03708910569548607,0.22211381793022156,5.881495599169284e-05,-3.721942630363628e-05,2.137638148269616e-05,-1.0
2019-04-04/20:50:20.287570,cal_big,2,0.20802965760231018,0.03669437766075134,0.3222222328186035,-2.3551401682198048e-05,-4.2274652514606714e-05,-1.1102063581347466e-05,-1.0
2019-04-04/20:50:20.287570,cal_small,3,0.2080807089805603,0.03708411008119583,0.22211457788944244,2.7473593945614994e-05,-3.542852937243879e-05,4.3330888729542494e-05,-1.0
2019-04-04/20:50:20.295058,cal_big,2,0.20803339779376984,0.03669676184654236,0.32222598791122437,2.7286580007057637e-05,-4.1123174014501274e-05,2.7191701519768685e-05,-1.0
2019-04-04/20:50:20.295058,cal_small,3,0.20808205008506775,0.037084050476551056,0.2221158891916275,2.6433772291056812e-05,-3.8713838875992224e-05,6.0806371038779616e-05,-1.0
2019-04-04/20:50:20.302541,cal_big,2,0.20803207159042358,0.03670059144496918,0.32222357392311096,3.497523721307516e-05,-4.888601688435301e-05,3.997734165750444e-05,-1.0
2019-04-04/20:50:20.302541,cal_small,3,0.20808571577072144,0.03708904609084129,0.22211581468582153,-3.781639679800719e-05,-2.9645829272340052e-05,6.0944585129618645e-05,-1.0
2019-04-04/20:50:20.310529,cal_big,2,0.2080310434103012,0.036698125302791595,0.3222237527370453,5.2924733608961105e-06,-4.162825644016266e-05,3.326608566567302e-05,-1.0
2019-04-04/20:50:20.310529,cal_small,3,0.20808088779449463,0.03708956018090248,0.22211630642414093,1.6272140783257782e-05,-1.5150901162996888e-05,5.966733442619443e-05,-1.0
2019-04-04/20:50:20.321008,cal_big,2,0.2080298215150833,0.03669143095612526,0.3222244679927826,2.7210218831896782e-05,-5.322846118360758e-05,-6.459362339228392e-06,-1.0
2019-04-04/20:50:20.321008,cal_small,3,0.20808187127113342,0.037081338465213776,0.2221134603023529,-5.61544147785753e-05,-3.207447298336774e-05,3.312717308290303e-05,-1.0
2019-04-04/20:50:20.328992,cal_big,2,0.20803093910217285,0.03669463098049164,0.32222476601600647,1.5466706827282906e-05,-5.10151257913094e-05,2.1978921722620726e-06,-1.0
2019-04-04/20:50:20.328992,cal_small,3,0.20807871222496033,0.037083208560943604,0.22211316227912903,1.975441409740597e-05,-3.4262506233062595e-05,3.370872582308948e-05,-1.0
2019-04-04/20:50:20.336978,cal_big,2,0.20803312957286835,0.03669185936450958,0.32222414016723633,-2.408679574728012e-05,-3.3575310226297006e-05,-1.1395721230655909e-05,-1.0
2019-04-04/20:50:20.336978,cal_small,3,0.208084374666214,0.03708348795771599,0.22211705148220062,4.310032818466425e-05,-4.7824600187595934e-05,3.133865538984537e-05,-1.0
2019-04-04/20:50:20.344462,cal_big,2,0.2080366015434265,0.036701153963804245,0.32222437858581543,3.859924618154764e-05,-4.3695901695173234e-05,-6.0398015193641186e-06,-1.0
2019-04-04/20:50:20.344462,cal_small,3,0.20808617770671844,0.037087760865688324,0.2221161425113678,-2.534208761062473e-05,-3.259999357396737e-05,2.9450515285134315e-05,-1.0
2019-04-04/20:50:20.351537,cal_big,2,0.2080356478691101,0.03670500963926315,0.3222218155860901,-6.55224866932258e-05,-2.4961267627077177e-05,1.1076101145590656e-05,-1.0
2019-04-04/20:50:20.351537,cal_small,3,0.20808224380016327,0.03709078207612038,0.22211548686027527,4.240257840137929e-05,-3.573296271497384e-05,3.153341822326183e-05,-1.0
2019-04-04/20:50:20.362018,cal_big,2,0.20802725851535797,0.036693423986434937,0.3222213089466095,8.870381861925125e-06,-5.091546699986793e-05,-9.746872819960117e-08,-1.0
2019-04-04/20:50:20.362018,cal_small,3,0.20807906985282898,0.03708239272236824,0.22211317718029022,3.861189179588109e-05,-4.46026970166713e-05,4.7939043724909425e-05,-1.0
2019-04-04/20:50:20.369006,cal_big,2,0.20802709460258484,0.03669188916683197,0.3222207725048065,-7.928079867269844e-05,-3.742778062587604e-05,-4.1525338019710034e-05,-1.0
2019-04-04/20:50:20.369006,cal_small,3,0.20807720720767975,0.03708105534315109,0.22211192548274994,4.847245872952044e-05,-5.075390072306618e-05,1.1427502613514662e-05,-1.0
2019-04-04/20:50:20.379180,cal_big,2,0.2080313265323639,0.036696769297122955,0.3222241997718811,-0.00011381480726413429,-2.727568062255159e-05,-4.8061119741760194e-05,-1.0
2019-04-04/20:50:20.379180,cal_small,3,0.20808236300945282,0.03708883002400398,0.22211474180221558,3.382572322152555e-05,-4.148101288592443e-05,8.415582124143839e-05,-1.0
2019-04-04/20:50:20.387165,cal_big,2,0.20803320407867432,0.03670143708586693,0.3222237229347229,-4.206050653010607e-05,-4.6417459088843316e-05,-4.8633955884724855e-06,-1.0
2019-04-04/20:50:20.387165,cal_small,3,0.20808513462543488,0.03709462285041809,0.22211502492427826,9.579749894328415e-05,-4.234073276165873e-05,5.764119850937277e-05,-1.0
2019-04-04/20:50:20.394682,cal_big,2,0.20803341269493103,0.03669864311814308,0.3222241997718811,-0.00010494384332560003,-3.93666050513275e-05,6.795364242861979e-06,-1.0
2019-04-04/20:50:20.394682,cal_small,3,0.2080836147069931,0.037090741097927094,0.2221153974533081,6.736385694239289e-05,-3.1017356377560645e-05,5.647222860716283e-05,-1.0
2019-04-04/20:50:20.402669,cal_big,2,0.20802943408489227,0.03669406473636627,0.32222414016723633,1.941469599842094e-05,-6.802690040785819e-05,-2.4823057174216956e-05,-1.0
2019-04-04/20:50:20.402669,cal_small,3,0.2080812007188797,0.037089478224515915,0.22211171686649323,0.00013505673268809915,-4.506557161221281e-05,6.417164695449173e-05,-1.0
2019-04-04/20:50:20.412649,cal_big,2,0.20802943408489227,0.0366964116692543,0.32222306728363037,-0.00013302650768309832,-1.785259519238025e-05,-3.2285082852467895e-05,-1.0
2019-04-04/20:50:20.412649,cal_small,3,0.20808133482933044,0.03708881139755249,0.22211094200611115,3.953305713366717e-05,-3.527283843141049e-05,5.5916840210556984e-05,-1.0
2019-04-04/20:50:20.419944,cal_big,2,0.20803256332874298,0.03669821098446846,0.322224497795105,-2.4761764507275075e-05,-4.525324038695544e-05,2.675878204172477e-05,-1.0
2019-04-04/20:50:20.419944,cal_small,3,0.20808319747447968,0.03709014877676964,0.22211197018623352,9.335557115264237e-05,-3.097191802226007e-05,9.126440272666514e-05,-1.0
2019-04-04/20:50:20.428429,cal_big,2,0.20803573727607727,0.0367029532790184,0.322224885225296,-6.609968841075897e-05,-2.8568352718139067e-05,-1.9455095753073692e-05,-1.0
2019-04-04/20:50:20.428429,cal_small,3,0.2080857753753662,0.037098478525877,0.2221127152442932,8.623063331469893e-05,-4.2145882616750896e-05,5.0317205023020506e-05,-1.0
2019-04-04/20:50:20.435923,cal_big,2,0.20803412795066833,0.03670230507850647,0.3222261667251587,-4.009505937574431e-05,-3.163296059938148e-05,3.923274198314175e-05,-1.0
2019-04-04/20:50:20.435923,cal_small,3,0.20809195935726166,0.037098877131938934,0.22211308777332306,7.510939030908048e-05,-4.664934749598615e-05,6.815871165599674e-05,-1.0
2019-04-04/20:50:20.443399,cal_big,2,0.2080300748348236,0.036692727357149124,0.32222500443458557,2.318317274330184e-05,-4.174649075139314e-05,2.551357465563342e-05,-1.0
2019-04-04/20:50:20.443399,cal_small,3,0.20808038115501404,0.0370846763253212,0.2221112996339798,4.94282430736348e-05,-4.004847869509831e-05,4.3976702727377415e-05,-1.0
2019-04-04/20:50:20.453880,cal_big,2,0.20802928507328033,0.03669694811105728,0.3222268223762512,-2.4483066226821393e-05,-2.3477929062210023e-05,2.780663635348901e-05,-1.0
2019-04-04/20:50:20.453880,cal_small,3,0.20808152854442596,0.03709043189883232,0.22211399674415588,-1.5420475392602384e-05,-2.8469021344790235e-05,1.9278115360066295e-05,-1.0
2019-04-04/20:50:20.460513,cal_big,2,0.2080320566892624,0.03669657185673714,0.3222275376319885,4.399137105792761e-05,-4.7726876800879836e-05,-2.5498156901448965e-06,-1.0
2019-04-04/20:50:20.460513,cal_small,3,0.20808595418930054,0.03709336742758751,0.22211313247680664,1.1072203051298857e-05,-2.9420607461361215e-05,5.6522723753005266e-05,-1.0
2019-04-04/20:50:20.471492,cal_big,2,0.2080320417881012,0.036696966737508774,0.322225958108902,1.9278373656561598e-05,-1.560120472277049e-05,4.038420593133196e-05,-1.0
2019-04-04/20:50:20.471492,cal_small,3,0.20808282494544983,0.03709111735224724,0.22211451828479767,-2.2298918338492513e-06,-2.9400067433016375e-05,3.730901516973972e-05,-1.0
2019-04-04/20:50:20.478978,cal_big,2,0.2080325484275818,0.0366983562707901,0.3222261071205139,1.4920016838004813e-05,-3.1285773729905486e-05,3.5118071536999196e-05,-1.0
2019-04-04/20:50:20.478978,cal_small,3,0.20808614790439606,0.03709201514720917,0.2221132069826126,5.206376954447478e-05,-4.7522844397462904e-05,6.051237869542092e-05,-1.0
2019-04-04/20:50:20.486964,cal_big,2,0.2080303430557251,0.03669312223792076,0.3222251832485199,1.6301521100103855e-05,-3.0898871045792475e-05,2.1941406885161996e-05,-1.0
2019-04-04/20:50:20.486964,cal_small,3,0.20808354020118713,0.03708815947175026,0.22211234271526337,-2.7682894142344594e-05,-4.115852789254859e-05,3.299437230452895e-05,-1.0
2019-04-04/20:50:20.494484,cal_big,2,0.20802758634090424,0.03669189289212227,0.3222268223762512,4.498870112001896e-06,-3.331562038511038e-05,8.610659278929234e-07,-1.0
2019-04-04/20:50:20.494484,cal_small,3,0.20808245241641998,0.03708406165242195,0.2221132218837738,-1.5221798093989491e-05,-2.992414556501899e-05,3.160303458571434e-05,-1.0
2019-04-04/20:50:20.501472,cal_big,2,0.20803149044513702,0.03669571503996849,0.32222801446914673,-3.822799044428393e-05,-3.64314837497659e-05,2.834261249518022e-05,-1.0
2019-04-04/20:50:20.501472,cal_small,3,0.20808029174804688,0.0370863676071167,0.22211308777332306,5.115108797326684e-05,-4.8420966777484864e-05,4.281953442841768e-05,-1.0
2019-04-04/20:50:20.512453,cal_big,2,0.20802618563175201,0.03669660538434982,0.32222887873649597,7.790978997945786e-06,-3.4669901651795954e-05,1.1279131285846233e-05,-1.0
2019-04-04/20:50:20.512453,cal_small,3,0.208078995347023,0.03708914667367935,0.22211453318595886,1.2393167708069086e-05,-4.142332909395918e-05,5.645182682201266e-06,-1.0
2019-04-04/20:50:20.519478,cal_big,2,0.20802751183509827,0.036689162254333496,0.3222271502017975,-1.0714167729020119e-05,-3.51076596416533e-05,1.803756458684802e-05,-1.0
2019-04-04/20:50:20.519478,cal_small,3,0.20808175206184387,0.03708304092288017,0.22211353480815887,1.9228420569561422e-05,-4.0229300793726e-05,1.816276926547289e-05,-1.0
2019-04-04/20:50:20.527271,cal_big,2,0.20802506804466248,0.036686915904283524,0.3222261965274811,2.8231763280928135e-05,-3.1528237741440535e-05,1.4247751096263528e-05,-1.0
2019-04-04/20:50:20.527271,cal_small,3,0.20807833969593048,0.037080179899930954,0.22211292386054993,-1.1266703950241208e-05,-3.192407893948257e-05,8.2340557128191e-06,-1.0
2019-04-04/20:50:20.535754,cal_big,2,0.20802946388721466,0.0366915762424469,0.3222293257713318,9.687615602160804e-06,-2.7322945243213326e-05,4.222860297886655e-05,-1.0
2019-04-04/20:50:20.535754,cal_small,3,0.20808230340480804,0.03708532825112343,0.22211536765098572,2.2423846530728042e-05,-4.5754895836580545e-05,2.9530376195907593e-05,-1.0
2019-04-04/20:50:20.545103,cal_big,2,0.2080281376838684,0.03669013828039169,0.3222278356552124,3.5653822124004364e-05,-3.396310057723895e-05,-2.7831410989165306e-06,-1.0
2019-04-04/20:50:20.545103,cal_small,3,0.2080780267715454,0.037080973386764526,0.22211645543575287,6.116957229096442e-05,-4.033324512420222e-05,4.537083441391587e-06,-1.0
2019-04-04/20:50:20.553088,cal_big,2,0.20802778005599976,0.03669317066669464,0.32222992181777954,2.114614107995294e-05,-3.674816616694443e-05,3.450336953392252e-05,-1.0
2019-04-04/20:50:20.553088,cal_small,3,0.20808042585849762,0.037085674703121185,0.22211390733718872,-4.618297680281103e-06,-3.7245255953166634e-05,3.013416426256299e-05,-1.0
2019-04-04/20:50:20.560723,cal_big,2,0.20802898705005646,0.036692939698696136,0.3222266137599945,-2.799683716148138e-05,-2.7715537726180628e-05,9.415234671905637e-06,-1.0
2019-04-04/20:50:20.560723,cal_small,3,0.20808479189872742,0.037090323865413666,0.22211410105228424,1.5973637346178293e-05,-4.234094012645073e-05,2.3939210223034024e-05,-1.0
2019-04-04/20:50:20.568208,cal_big,2,0.20802640914916992,0.03668951615691185,0.3222264349460602,3.707396535901353e-05,-5.20845060236752e-05,4.791350511368364e-05,-1.0
2019-04-04/20:50:20.568208,cal_small,3,0.2080797553062439,0.03708314150571823,0.222111314535141,5.5610667914152145e-05,-5.256581789581105e-05,2.9033049941062927e-05,-1.0
2019-04-04/20:50:20.579189,cal_big,2,0.20802755653858185,0.03668675199151039,0.3222277760505676,7.509661372750998e-05,-5.450794560601935e-05,4.517351044341922e-06,-1.0
2019-04-04/20:50:20.579189,cal_small,3,0.20808245241641998,0.037083663046360016,0.22211401164531708,3.8766724173910916e-05,-5.8262066886527464e-05,-4.054396413266659e-06,-1.0
2019-04-04/20:50:20.586674,cal_big,2,0.20802783966064453,0.036689016968011856,0.32222869992256165,-8.614500984549522e-06,-3.3684365916997194e-05,-1.2254371540620923e-05,-1.0
2019-04-04/20:50:20.586674,cal_small,3,0.20808127522468567,0.037085115909576416,0.22211426496505737,5.684095958713442e-05,-5.2476698328973725e-05,8.864153642207384e-07,-1.0
2019-04-04/20:50:20.594686,cal_big,2,0.20802727341651917,0.03669444099068642,0.32222747802734375,-1.5216064639389515e-05,-2.9283757612574846e-05,3.8300175219774246e-05,-1.0
2019-04-04/20:50:20.594686,cal_small,3,0.2080831229686737,0.03708620369434357,0.22211486101150513,1.1769127013394609e-05,-3.558795287972316e-05,1.0240853953291662e-05,-1.0
2019-04-04/20:50:20.602982,cal_big,2,0.20802907645702362,0.03669241443276405,0.32222604751586914,4.216574598103762e-05,-4.121968959225342e-05,4.511617589741945e-05,-1.0
2019-04-04/20:50:20.602982,cal_small,3,0.20808354020118713,0.03708904981613159,0.2221132516860962,2.1383384591899812e-05,-3.984858267358504e-05,1.6322708688676357e-05,-1.0
2019-04-04/20:50:20.610466,cal_big,2,0.2080260068178177,0.036689989268779755,0.3222249448299408,0.00010612464393489063,-4.4414118747226894e-05,3.2366042432840914e-05,-1.0
2019-04-04/20:50:20.610466,cal_small,3,0.20808054506778717,0.03708793967962265,0.22211040556430817,1.2759850505972281e-05,-3.4541946661192924e-05,9.767334631760605e-06,-1.0
2019-04-04/20:50:20.620946,cal_big,2,0.2080286294221878,0.03668966144323349,0.32222750782966614,9.02768224477768e-05,-5.5893098760861903e-05,3.490175004117191e-05,-1.0
2019-04-04/20:50:20.620946,cal_small,3,0.20808103680610657,0.03708437830209732,0.22211328148841858,3.9423874113708735e-05,-4.239462214172818e-05,2.0551378838717937e-05,-1.0
2019-04-04/20:50:20.628431,cal_big,2,0.20802976191043854,0.03669167309999466,0.32222798466682434,-2.6454334147274494e-05,-4.103241371922195e-05,8.20527202449739e-06,-1.0
2019-04-04/20:50:20.628431,cal_small,3,0.2080824077129364,0.03708586096763611,0.2221146523952484,-1.9388971850275993e-06,-3.755605575861409e-05,9.484065230935812e-06,-1.0
2019-04-04/20:50:20.635546,cal_big,2,0.20803099870681763,0.036696840077638626,0.3222292959690094,1.245142993866466e-05,-3.58211764250882e-05,1.5748748410260305e-05,-1.0
2019-04-04/20:50:20.635546,cal_small,3,0.2080869972705841,0.03709527105093002,0.22211763262748718,0.00010991145245498046,-4.983338658348657e-05,2.8041598852723837e-05,-1.0
2019-04-04/20:50:20.644768,cal_big,2,0.20802803337574005,0.03669207543134689,0.3222264349460602,2.6917550712823868e-05,-2.478608257661108e-05,-1.1947035090997815e-05,-1.0
2019-04-04/20:50:20.644768,cal_small,3,0.20808355510234833,0.03709050267934799,0.22211489081382751,9.352937922812998e-06,-3.620717325247824e-05,3.8497091736644506e-05,-1.0
2019-04-04/20:50:20.652390,cal_big,2,0.2080249786376953,0.036688242107629776,0.32222461700439453,1.5143188647925854e-05,-3.0486877221846953e-05,1.6906124074012041e-06,-1.0
2019-04-04/20:50:20.652390,cal_small,3,0.20808228850364685,0.03708691522479057,0.2221108078956604,2.3629923816770315e-05,-4.2798390495590866e-05,2.0532403141260147e-05,-1.0
2019-04-04/20:50:20.659782,cal_big,2,0.20802457630634308,0.03668764978647232,0.3222261667251587,4.3449108488857746e-05,-4.0086288208840415e-05,-1.0578369256109e-05,-1.0
2019-04-04/20:50:20.659782,cal_small,3,0.20808430016040802,0.03708900138735771,0.22211208939552307,-3.304152050986886e-05,-3.667107012006454e-05,4.4671789510175586e-05,-1.0
2019-04-04/20:50:20.670263,cal_big,2,0.20802806317806244,0.03669718652963638,0.3222261965274811,8.734174116398208e-06,-3.666131669888273e-05,2.5756446120794863e-05,-1.0
2019-04-04/20:50:20.670263,cal_small,3,0.20808157324790955,0.037089232355356216,0.2221161127090454,-3.674036997836083e-05,-3.401103458600119e-05,2.18526110984385e-06,-1.0
2019-04-04/20:50:20.678248,cal_big,2,0.20803126692771912,0.03669499233365059,0.32222843170166016,-1.7901533283293247e-05,-2.643311927386094e-05,-2.615980338305235e-05,-1.0
2019-04-04/20:50:20.678248,cal_small,3,0.20808306336402893,0.037090953439474106,0.22211548686027527,5.262912600301206e-05,-3.713511614478193e-05,8.919450920075178e-06,-1.0
2019-04-04/20:50:20.684761,cal_big,2,0.20803019404411316,0.036693356931209564,0.3222256302833557,-7.278262637555599e-05,-1.842058372858446e-05,3.936438588425517e-05,-1.0
2019-04-04/20:50:20.684761,cal_small,3,0.2080834060907364,0.03708667308092117,0.22211362421512604,9.707800927571952e-06,-3.694093902595341e-05,1.3891840353608131e-06,-1.0
2019-04-04/20:50:20.697238,cal_big,2,0.2080247402191162,0.03668966889381409,0.32222530245780945,-0.00010901782661676407,-1.544030601507984e-05,-9.461131412535906e-06,-1.0
2019-04-04/20:50:20.697238,cal_small,3,0.20808108150959015,0.037086907774209976,0.2221110463142395,1.095984953281004e-05,-3.685517003759742e-05,4.214520595269278e-05,-1.0
2019-04-04/20:50:20.704222,cal_big,2,0.20802803337574005,0.036690276116132736,0.32222655415534973,-4.373025149106979e-06,-2.4728220523684286e-05,7.890484994277358e-06,-1.0
2019-04-04/20:50:20.704222,cal_small,3,0.20807962119579315,0.037083934992551804,0.22211259603500366,-1.0268864571116865e-05,-2.631469033076428e-05,8.124479791149497e-06,-1.0
2019-04-04/20:50:20.711708,cal_big,2,0.20802757143974304,0.03669320419430733,0.32222726941108704,-7.718580309301615e-05,-3.349540929775685e-05,-2.4658627808094025e-05,-1.0
2019-04-04/20:50:20.711708,cal_small,3,0.20808303356170654,0.03709091991186142,0.22211427986621857,3.2749478123150766e-05,-4.7047276893863454e-05,7.511349394917488e-06,-1.0
2019-04-04/20:50:20.719694,cal_big,2,0.20802976191043854,0.03669734671711922,0.3222293257713318,-5.083145515527576e-05,-3.1138508347794414e-05,2.468848106218502e-05,-1.0
2019-04-04/20:50:20.719694,cal_small,3,0.20808300375938416,0.03709358349442482,0.22211608290672302,4.978229117114097e-05,-5.1241455366835e-05,1.90181854122784e-05,-1.0
2019-04-04/20:50:20.727679,cal_big,2,0.2080279439687729,0.03668920695781708,0.3222275674343109,5.229143425822258e-05,-3.738244413398206e-05,-9.543844498693943e-06,-1.0
2019-04-04/20:50:20.727679,cal_small,3,0.20808279514312744,0.037090152502059937,0.22211383283138275,6.526846846099943e-05,-4.386541695566848e-05,6.378249963745475e-06,-1.0
2019-04-04/20:50:20.735664,cal_big,2,0.20802724361419678,0.036688871681690216,0.32222551107406616,-1.9732513464987278e-05,-2.6301651814719662e-05,1.1758325854316354e-05,-1.0
2019-04-04/20:50:20.735664,cal_small,3,0.20808269083499908,0.037085194140672684,0.22211267054080963,1.3684679288417101e-05,-4.6377805119846016e-05,-2.2279855329543352e-06,-1.0
2019-04-04/20:50:20.743648,cal_big,2,0.20802995562553406,0.03669336810708046,0.32222655415534973,-2.526724711060524e-05,-2.8654974812525325e-05,-1.1389958672225475e-05,-1.0
2019-04-04/20:50:20.743648,cal_small,3,0.20808234810829163,0.03708844631910324,0.22211408615112305,1.3228331226855516e-05,-3.133361315121874e-05,-7.6235446613281965e-06,-1.0
2019-04-04/20:50:20.753148,cal_big,2,0.20802906155586243,0.03669595345854759,0.322226881980896,2.7874833904206753e-05,-4.566077404888347e-05,8.021044777706265e-06,-1.0
2019-04-04/20:50:20.753148,cal_small,3,0.2080840766429901,0.037088543176651,0.22211512923240662,-2.6377892936579883e-05,-3.4783581213559955e-05,6.8520603235810995e-06,-1.0
2019-04-04/20:50:20.760703,cal_big,2,0.2080298811197281,0.03669356927275658,0.32222625613212585,2.0870935259154066e-05,-2.4232685973402113e-05,3.612785803852603e-05,-1.0
2019-04-04/20:50:20.760703,cal_small,3,0.2080835998058319,0.03708762302994728,0.2221154421567917,-2.646222128532827e-06,-3.797469980781898e-05,9.031209629029036e-07,-1.0
2019-04-04/20:50:20.770185,cal_big,2,0.20802877843379974,0.03669068217277527,0.32222530245780945,-7.5809639383805916e-06,-3.3732176234479994e-05,2.188587313867174e-05,-1.0
2019-04-04/20:50:20.770185,cal_small,3,0.20808348059654236,0.0370861180126667,0.22211216390132904,3.6622142943087965e-05,-4.514567626756616e-05,1.8305054254597053e-05,-1.0
2019-04-04/20:50:20.777149,cal_big,2,0.2080286592245102,0.03669062256813049,0.32222476601600647,4.90364709548885e-06,-4.33587993029505e-05,-3.2121903359438875e-07,-1.0
2019-04-04/20:50:20.777149,cal_small,3,0.20808273553848267,0.037085916846990585,0.22211489081382751,1.88611593330279e-05,-4.3255808122921735e-05,1.6380625311285257e-05,-1.0
2019-04-04/20:50:20.787593,cal_big,2,0.20803093910217285,0.03669257089495659,0.32222485542297363,2.9967515729367733e-05,-4.141822500969283e-05,6.404414307326078e-06,-1.0
2019-04-04/20:50:20.787593,cal_small,3,0.20808415114879608,0.03708498924970627,0.2221141904592514,1.5372599591501057e-05,-3.3122923923656344e-05,1.7614569514989853e-05,-1.0
2019-04-04/20:50:20.795579,cal_big,2,0.2080318182706833,0.03669389337301254,0.32222461700439453,-3.646023105829954e-05,-2.1971252863295376e-05,-1.05509243439883e-05,-1.0
2019-04-04/20:50:20.795579,cal_small,3,0.20808421075344086,0.037089187651872635,0.22211377322673798,3.4821568988263607e-06,-3.2938340154942125e-05,1.7877115169540048e-05,-1.0
2019-04-04/20:50:20.803065,cal_big,2,0.208033487200737,0.036695241928100586,0.32222452759742737,4.2899388063233346e-05,-4.61738818557933e-05,-1.172328120446764e-05,-1.0
2019-04-04/20:50:20.803065,cal_small,3,0.20808379352092743,0.03708726912736893,0.22211220860481262,6.276227941270918e-05,-5.276364026940428e-05,2.7628528187051415e-05,-1.0
2019-04-04/20:50:20.811810,cal_big,2,0.20802706480026245,0.036684755235910416,0.3222241997718811,5.6606484577059746e-05,-6.174227746669203e-05,1.060331123881042e-05,-1.0
2019-04-04/20:50:20.811810,cal_small,3,0.20808134973049164,0.037081528455019,0.22211125493049622,2.979602140840143e-05,-2.150957880076021e-05,1.3605400454252958e-05,-1.0
2019-04-04/20:50:20.819795,cal_big,2,0.20803222060203552,0.03669250011444092,0.32222551107406616,-2.5316490791738033e-05,-4.1532090108375996e-05,-1.1862546671181917e-05,-1.0
2019-04-04/20:50:20.819795,cal_small,3,0.20808453857898712,0.03708324581384659,0.22211311757564545,-4.34886896982789e-06,-4.991005698684603e-05,1.1074211215600371e-05,-1.0
2019-04-04/20:50:20.828622,cal_big,2,0.20803196728229523,0.036694444715976715,0.322224885225296,-3.4759752452373505e-05,-2.0609448256436735e-05,7.384485797956586e-06,-1.0
2019-04-04/20:50:20.828622,cal_small,3,0.2080874741077423,0.03708943352103233,0.22211384773254395,-2.6280031306669116e-06,-2.4637658498249948e-05,4.970032023265958e-06,-1.0
2019-04-04/20:50:20.837106,cal_big,2,0.2080337554216385,0.036698222160339355,0.3222235143184662,1.950387013494037e-05,-2.2278672986431047e-05,3.6374716728460044e-05,-1.0
2019-04-04/20:50:20.837106,cal_small,3,0.20808954536914825,0.03709173575043678,0.22211281955242157,1.917124609462917e-05,-4.169762905803509e-05,3.573636058717966e-05,-1.0
2019-04-04/20:50:20.845093,cal_big,2,0.20803341269493103,0.03669687360525131,0.3222233057022095,-6.513272819574922e-05,-4.787874786416069e-06,5.329783562046941e-06,-1.0
2019-04-04/20:50:20.845093,cal_small,3,0.20808853209018707,0.03709154203534126,0.22211165726184845,6.288137228693813e-05,-5.02270195283927e-05,5.588958447333425e-05,-1.0
2019-04-04/20:50:20.852577,cal_big,2,0.20803090929985046,0.03669553995132446,0.3222205936908722,-7.148131771828048e-06,-7.187034043454332e-07,3.699363878695294e-05,-1.0
2019-04-04/20:50:20.852577,cal_small,3,0.20808365941047668,0.03708608075976372,0.22211101651191711,1.878594048321247e-05,-4.098085992154665e-05,3.037118585780263e-05,-1.0
2019-04-04/20:50:20.862247,cal_big,2,0.20802943408489227,0.03668892756104469,0.32222551107406616,-4.43129101768136e-05,-2.1474754248629324e-05,1.8108548829331994e-05,-1.0
2019-04-04/20:50:20.862247,cal_small,3,0.20808571577072144,0.037086449563503265,0.22211195528507233,2.993916132254526e-05,-3.36360972141847e-05,2.1393290808191523e-05,-1.0
2019-04-04/20:50:20.870226,cal_big,2,0.20802977681159973,0.03669179975986481,0.3222261965274811,8.208327926695347e-06,-3.002407174790278e-05,3.6286801332607865e-05,-1.0
2019-04-04/20:50:20.870226,cal_small,3,0.20808668434619904,0.03709256276488304,0.22211375832557678,4.880595952272415e-05,-3.947060031350702e-05,1.4151301002129912e-05,-1.0
2019-04-04/20:50:20.877040,cal_big,2,0.20803199708461761,0.036699358373880386,0.3222266137599945,-2.0034611225128174e-05,-3.666387783596292e-05,5.46747469343245e-06,-1.0
2019-04-04/20:50:20.877040,cal_small,3,0.20808717608451843,0.03709835559129715,0.2221141755580902,7.943814853206277e-05,-3.18699239869602e-05,6.153044523671269e-06,-1.0
2019-04-04/20:50:20.888020,cal_big,2,0.20803305506706238,0.036697275936603546,0.32222503423690796,1.306505873799324e-05,-2.3111279006116092e-05,-7.66298035159707e-06,-1.0
2019-04-04/20:50:20.888020,cal_small,3,0.2080879956483841,0.0370941087603569,0.22211278975009918,1.3189652236178517e-05,-3.134888538625091e-05,2.0316423615440726e-05,-1.0
2019-04-04/20:50:20.894557,cal_big,2,0.2080313265323639,0.03669199347496033,0.32222336530685425,1.72534491866827e-05,-3.190962161170319e-05,2.5916524464264512e-05,-1.0
2019-04-04/20:50:20.894557,cal_small,3,0.2080899327993393,0.037095241248607635,0.2221100628376007,4.210478800814599e-05,-4.194733628537506e-05,3.236476914025843e-05,-1.0
